INSERT INTO category (category_no, name)
VALUES (1, '상의'),
       (2, '아웃터'),
       (3, '바지'),
       (4, '스니커즈'),
       (5, '가방'),
       (6, '모자'),
       (7, '양말'),
       (8, '액세서리')
;

INSERT INTO brand (brand_no, name, registered_at)
VALUES (1, 'A', now()),
       (2, 'B', now()),
       (3, 'C', now()),
       (4, 'D', now()),
       (5, 'E', now()),
       (6, 'F', now()),
       (7, 'G', now()),
       (8, 'H', now()),
       (9, 'I', now())
;

INSERT INTO product (product_no, name, price, category_no, brand_no)
VALUES (1, '상품1', 11200, 1, 1),
       (2, '상품2', 5500, 2, 1),
       (3, '상품3', 4200, 3, 1),
       (4, '상품4', 9000, 4, 1),
       (5, '상품5', 2000, 5, 1),
       (6, '상품6', 1700, 6, 1),
       (7, '상품7', 1800, 7, 1),
       (8, '상품8', 2300, 8, 1),
       (9, '상품9', 10500, 1, 2),
       (10, '상품10', 5900, 2, 2),
       (11, '상품11', 3800, 3, 2),
       (12, '상품12', 9100, 4, 2),
       (13, '상품13', 2100, 5, 2),
       (14, '상품14', 2000, 6, 2),
       (15, '상품15', 2000, 7, 2),
       (16, '상품16', 2200, 8, 2),
       (17, '상품17', 10000, 1, 3),
       (18, '상품18', 6200, 2, 3),
       (19, '상품19', 3300, 3, 3),
       (20, '상품20', 9200, 4, 3),
       (21, '상품21', 2200, 5, 3),
       (22, '상품22', 1900, 6, 3),
       (23, '상품23', 2200, 7, 3),
       (24, '상품24', 2100, 8, 3),
       (25, '상품25', 10100, 1, 4),
       (26, '상품26', 5100, 2, 4),
       (27, '상품27', 3000, 3, 4),
       (28, '상품28', 9500, 4, 4),
       (29, '상품29', 2500, 5, 4),
       (30, '상품30', 1500, 6, 4),
       (31, '상품31', 2400, 7, 4),
       (32, '상품32', 2000, 8, 4),
       (33, '상품33', 10700, 1, 5),
       (34, '상품34', 5000, 2, 5),
       (35, '상품35', 3800, 3, 5),
       (36, '상품36', 9900, 4, 5),
       (37, '상품37', 2300, 5, 5),
       (38, '상품38', 1800, 6, 5),
       (39, '상품39', 2100, 7, 5),
       (40, '상품40', 2100, 8, 5),
       (41, '상품41', 11200, 1, 6),
       (42, '상품42', 7200, 2, 6),
       (43, '상품43', 4000, 3, 6),
       (44, '상품44', 9300, 4, 6),
       (45, '상품45', 2100, 5, 6),
       (46, '상품46', 1600, 6, 6),
       (47, '상품47', 2300, 7, 6),
       (48, '상품48', 1900, 8, 6),
       (49, '상품49', 10500, 1, 7),
       (50, '상품50', 5800, 2, 7),
       (51, '상품51', 3900, 3, 7),
       (52, '상품52', 9000, 4, 7),
       (53, '상품53', 2200, 5, 7),
       (54, '상품54', 1700, 6, 7),
       (55, '상품55', 2100, 7, 7),
       (56, '상품56', 2000, 8, 7),
       (57, '상품57', 10800, 1, 8),
       (58, '상품58', 6300, 2, 8),
       (59, '상품59', 3100, 3, 8),
       (60, '상품60', 9700, 4, 8),
       (61, '상품61', 2100, 5, 8),
       (62, '상품62', 1600, 6, 8),
       (63, '상품63', 2000, 7, 8),
       (64, '상품64', 2000, 8, 8),
       (65, '상품65', 11400, 1, 9),
       (66, '상품66', 6700, 2, 9),
       (67, '상품67', 3200, 3, 9),
       (68, '상품68', 9500, 4, 9),
       (69, '상품69', 2400, 5, 9),
       (70, '상품70', 1700, 6, 9),
       (71, '상품71', 1700, 7, 9),
       (72, '상품72', 2400, 8, 9)
;

ALTER TABLE category AUTO_INCREMENT = 9;
ALTER TABLE product AUTO_INCREMENT = 72;
ALTER TABLE brand AUTO_INCREMENT = 10;